word,group
able,able
abundance,abundance
abundant,abundance
acclaimed,acclaimed
accomplish,accomplish
accomplished,accomplish
accomplishes,accomplish
accomplishing,accomplish
accomplishment,accomplish
accomplishments,accomplish
achieve,achieve
achieved,achieve
achievement,achieve
achievements,achieve
achieves,achieve
achieving,achieve
adequately,adequately
advancement,advancement
advancements,advancement
advances,advancement
advancing,advancement
advantage,advantage
advantaged,advantage
advantageous,advantage
advantageously,advantage
advantages,advantage
alliance,alliance
alliances,alliance
assure,assure
assured,assure
assures,assure
assuring,assure
attain,attain
attained,attain
attaining,attain
attainment,attain
attainments,attain
attains,attain
attractive,attractive
attractiveness,attractive
beautiful,beautiful
beautifully,beautiful
beneficial,beneficial
beneficially,beneficial
benefit,beneficial
benefited,beneficial
benefiting,beneficial
benefitted,beneficial
benefitting,beneficial
better,good
good,good
bolstered,bolstered
bolstering,bolstered
bolsters,bolstered
boom,boom
booming,boom
boost,boost
boosted,boost
breakthrough,breakthrough
breakthroughs,breakthrough
brilliant,brilliant
charitable,charitable
collaborate,collaborate
collaborated,collaborate
collaborates,collaborate
collaborating,collaborate
collaboration,collaborate
collaborations,collaborate
collaborative,collaborate
collaborator,collaborate
collaborators,collaborate
compliment,compliment
complimentary,compliment
complimented,compliment
complimenting,compliment
compliments,compliment
conclusive,conclusive
conclusively,conclusive
conducive,conducive
confident,confident
constructive,constructive
constructively,constructive
courteous,courteous
creative,creative
creatively,creative
creativeness,creative
creativity,creative
delight,delight
delighted,delight
delightful,delight
delightfully,delight
delighting,delight
delights,delight
dependability,dependability
dependable,dependability
desirable,desirable
desired,desirable
despite,despite
destined,destined
diligent,diligent
diligently,diligent
distinction,distinction
distinctions,distinction
distinctive,distinctive
distinctively,distinctive
distinctiveness,distinctive
dream,dream
easier,easier
easily,easier
easy,easier
effective,effective
efficiencies,efficiencies
efficiency,efficiencies
efficient,efficiencies
efficiently,efficiencies
empower,empower
empowered,empower
empowering,empower
empowers,empower
enable,enable
enabled,enable
enables,enable
enabling,enable
encouraged,encouraged
encouragement,encouraged
encourages,encouraged
encouraging,encouraged
enhance,enhance
enhanced,enhance
enhancement,enhance
enhancements,enhance
enhances,enhance
enhancing,enhance
enjoy,enjoy
enjoyable,enjoy
enjoyably,enjoy
enjoyed,enjoy
enjoying,enjoy
enjoyment,enjoy
enjoys,enjoy
enthusiasm,enthusiasm
enthusiastic,enthusiasm
enthusiastically,enthusiasm
excellence,excellence
excellent,excellence
excelling,excellence
excels,excellence
exceptional,exceptional
exceptionally,exceptional
excited,excited
excitement,excited
exciting,excited
exclusive,exclusive
exclusively,exclusive
exclusiveness,exclusive
exclusives,exclusive
exclusivity,exclusive
exemplary,exemplary
fantastic,fantastic
favorable,favorable
favorably,favorable
favored,favorite
favoring,favorite
favorite,favorite
favorites,favorite
friendly,friendly
gain,gain
gained,gain
gaining,gain
gains,gain
good,good
great,great
greater,great
greatest,great
greatly,great
greatness,great
happiest,happiest
happily,happiest
happiness,happiest
happy,happiest
highest,highest
honor,honor
honorable,honor
honored,honor
honoring,honor
honors,honor
ideal,ideal
impress,impress
impressed,impress
impresses,impress
impressing,impress
impressive,impress
impressively,impress
improve,improve
improved,improve
improvement,improve
improvements,improve
improves,improve
improving,improve
incredible,incredible
incredibly,incredible
influential,influential
informative,informative
ingenuity,ingenuity
innovate,innovate
innovated,innovate
innovates,innovate
innovating,innovate
innovation,innovate
innovations,innovate
innovative,innovate
innovator,innovate
innovators,innovate
insightful,insightful
inspiration,inspiration
inspirational,inspiration
integrity,integrity
invent,invent
invented,invent
inventing,invent
invention,invent
inventions,invent
inventive,invent
inventiveness,invent
inventor,invent
inventors,invent
leadership,leadership
leading,leading
loyal,loyal
lucrative,lucrative
meritorious,meritorious
opportunities,opportunities
opportunity,opportunities
optimistic,optimistic
outperform,outperform
outperformed,outperform
outperforming,outperform
outperforms,outperform
outstanding,outstanding
perfect,perfect
perfected,perfect
perfectly,perfect
perfects,perfect
pleasant,pleasant
pleasantly,pleasant
pleased,pleased
pleasure,pleased
plentiful,plentiful
popular,popular
popularity,popular
positive,positive
positively,positive
preeminence,preeminence
preeminent,preeminence
premier,premier
premiere,premier
prestige,prestige
prestigious,prestige
proactive,proactive
proactively,proactive
proficiency,proficiency
proficient,proficiency
proficiently,proficiency
profitability,profitability
profitable,profitability
profitably,profitability
progress,progress
progressed,progress
progresses,progress
progressing,progress
prospered,prospered
prospering,prospered
prosperity,prospered
prosperous,prospered
prospers,prospered
rebound,rebound
rebounded,rebound
rebounding,rebound
receptive,receptive
regain,regain
regained,regain
regaining,regain
resolve,resolve
revolutionize,revolutionize
revolutionized,revolutionize
revolutionizes,revolutionize
revolutionizing,revolutionize
reward,reward
rewarded,reward
rewarding,reward
rewards,reward
satisfaction,satisfactorily
satisfactorily,satisfactorily
satisfactory,satisfactorily
satisfied,satisfactorily
satisfies,satisfactorily
satisfy,satisfactorily
satisfying,satisfactorily
smooth,smooth
smoothing,smooth
smoothly,smooth
smooths,smooth
solves,solves
solving,solves
spectacular,spectacular
spectacularly,spectacular
stability,stability
stabilization,stability
stabilizations,stability
stabilize,stability
stabilized,stability
stabilizes,stability
stabilizing,stability
stable,stability
strength,strength
strengthen,strength
strengthened,strength
strengthening,strength
strengthens,strength
strengths,strength
strong,strong
stronger,strong
strongest,strong
succeed,succeed
succeeded,succeed
succeeding,succeed
succeeds,succeed
success,succeed
successes,succeed
successful,succeed
successfully,succeed
superior,superior
surpass,surpass
surpassed,surpass
surpasses,surpass
surpassing,surpass
transparency,transparency
tremendous,tremendous
tremendously,tremendous
unmatched,unmatched
unparalleled,unparalleled
unsurpassed,unsurpassed
upturn,upturn
upturns,upturn
valuable,valuable
versatile,versatile
versatility,versatile
vibrancy,vibrant
vibrant,vibrant
win,winning
winner,winning
winners,winning
winning,winning
worthy,worthy
